Feature,MAE
Hours Studied,15.443628777777779
Previous Scores,6.630413333333334
Extracurricular Activities,16.12883688888889
Sleep Hours,16.163193333333332
Sample Question Papers Practiced,15.957486444444445
